{"cameraMode":{"drawMode":0,"name":"Shaded","section":"Shading Mode"},"sceneLighting":true,"audioPlay":false,"sceneViewState":{"m_AlwaysRefresh":false,"showFog":true,"showSkybox":false,"showFlares":true,"showImageEffects":true,"showParticleSystems":true,"showVisualEffectGraphs":true,"m_FxEnabled":true},"in2DMode":false,"pivot":{"x":43.896480560302737,"y":-18.70343017578125,"z":-104.91470336914063},"rotation":{"x":-0.016117338091135026,"y":-0.9767276048660278,"z":0.07929098606109619,"w":-0.1987096518278122},"size":61.014564514160159,"orthographic":false}