{"cameraMode":{"drawMode":0,"name":"Shaded","section":"Shading Mode"},"sceneLighting":true,"audioPlay":false,"sceneViewState":{"m_AlwaysRefresh":false,"showFog":true,"showSkybox":false,"showFlares":true,"showImageEffects":true,"showParticleSystems":true,"showVisualEffectGraphs":true,"m_FxEnabled":true},"in2DMode":false,"pivot":{"x":19.87389373779297,"y":-23.932544708251954,"z":107.33409881591797},"rotation":{"x":0.11626128852367401,"y":0.0892644003033638,"z":-0.010501643642783165,"w":0.9891594648361206},"size":61.246952056884769,"orthographic":false}