{"cameraMode":{"drawMode":0,"name":"Shaded","section":"Shading Mode"},"sceneLighting":true,"audioPlay":false,"sceneViewState":{"m_AlwaysRefresh":false,"showFog":true,"showSkybox":false,"showFlares":true,"showImageEffects":true,"showParticleSystems":true,"showVisualEffectGraphs":true,"m_FxEnabled":true},"in2DMode":false,"pivot":{"x":-2.820833683013916,"y":1.1672775745391846,"z":0.8164873719215393},"rotation":{"x":0.10835401713848114,"y":0.7309608459472656,"z":-0.11948768049478531,"w":0.6631563901901245},"size":0.8660253882408142,"orthographic":false}