{"cameraMode":{"drawMode":0,"name":"Shaded","section":"Shading Mode"},"sceneLighting":true,"audioPlay":false,"sceneViewState":{"m_AlwaysRefresh":false,"showFog":true,"showSkybox":false,"showFlares":true,"showImageEffects":true,"showParticleSystems":true,"showVisualEffectGraphs":true,"m_FxEnabled":true},"in2DMode":false,"pivot":{"x":0.0007419586181640625,"y":0.09429168701171875,"z":1.871002197265625},"rotation":{"x":-0.1010991707444191,"y":-0.4553392231464386,"z":0.05214478075504303,"w":-0.8830363154411316},"size":60.949729919433597,"orthographic":false}